PassWord,username,email,Label
123456,45940958,1.test.com,犯罪 历史 家庭 剧情 战争 灾难 爱情
123456,iisakura,2.test.com,剧情 爱情 喜剧 纪录片
123456,phoenix43,3.test.com,传记 家庭 剧情 喜剧
123456,cabaret,4.test.com,悬疑 犯罪 科幻 同性 冒险 恐怖 剧情 爱情 灾难 喜剧 动画 情色
123456,wenzel,5.test.com,同性 爱情 剧情
123456,68942603,6.test.com,
123456,35711522,7.test.com,科幻 同性 冒险 剧情 动作 爱情 喜剧 音乐 奇幻
123456,162549119,8.test.com,
123456,56080154,9.test.com,
123456,54150368,10.test.com,悬疑 犯罪 惊悚 历史 传记 同性 家庭 剧情 古装
123456,147781046,11.test.com,科幻 同性 冒险 剧情 动作 爱情 奇幻
123456,pirealwei,12.test.com,历史 冒险 剧情 动作 灾难 喜剧
123456,34617683,13.test.com,剧情
123456,183679667,14.test.com,
123456,124623415,15.test.com,
123456,lingrui1995,16.test.com,犯罪 传记 科幻 冒险 恐怖 剧情 动作 爱情 灾难 喜剧 音乐 惊悚
123456,flxjp,17.test.com,犯罪 爱情 剧情
123456,4901199,18.test.com,犯罪 科幻 武侠 剧情 动作 爱情 喜剧 纪录片 古装 奇幻
123456,diewithme,19.test.com,犯罪 悬疑 科幻 冒险 剧情 动作 爱情 喜剧 动画 音乐
123456,qijiuzhiyue,20.test.com,犯罪 悬疑 科幻 冒险 剧情 动作 爱情 喜剧 惊悚 奇幻
123456,kingfish,21.test.com,犯罪 传记 科幻 恐怖 剧情 爱情 喜剧
123456,whiterhinoceros,22.test.com,悬疑 犯罪 传记 科幻 剧情 动作
123456,hideinthecrowd,23.test.com,悬疑 犯罪 恐怖 剧情 爱情
123456,seawaver,24.test.com,犯罪 剧情
123456,melody1971,25.test.com,犯罪 剧情 爱情 喜剧
123456,zingyu,26.test.com,科幻 剧情 动作 喜剧 动画 运动 奇幻
123456,ga0yang,27.test.com,爱情 奇幻 动画 剧情
123456,sara127266,28.test.com,科幻 剧情 战争 爱情 喜剧 动画 奇幻
123456,luanluanyu,29.test.com,犯罪 剧情 动作 爱情 动画 奇幻
123456,172350963,30.test.com,犯罪 科幻 冒险 家庭 武侠 剧情 动作 爱情 喜剧 动画 奇幻
123456,elevenrobin,31.test.com,冒险 喜剧 动画
123456,copenlee,32.test.com,悬疑 犯罪 冒险 恐怖 剧情 动作 爱情 灾难 喜剧 动画 惊悚
123456,49824661,33.test.com,冒险 喜剧 动画
123456,51679757,34.test.com,冒险 喜剧 动画
123456,bina,35.test.com,冒险 喜剧 动画
123456,tjz230,36.test.com,犯罪 悬疑 传记 科幻 短片 冒险 剧情 动作 爱情 灾难 喜剧 动画 奇幻
123456,beiliya,37.test.com,爱情 喜剧 灾难 剧情
123456,rebekah,38.test.com,历史 传记 同性 剧情 爱情 灾难 音乐
123456,yyy18n,39.test.com,爱情 灾难 剧情
123456,mzh2015,40.test.com,悬疑 犯罪 历史 家庭 剧情 战争 动作 灾难 喜剧 音乐
123456,ruo1996,41.test.com,犯罪 悬疑 科幻 剧情 战争 爱情 喜剧 音乐 歌舞 奇幻 真人秀
123456,144459333,42.test.com,犯罪 同性 家庭 剧情 爱情 喜剧
123456,114551225,43.test.com,喜剧 剧情
123456,auxt,44.test.com,悬疑 犯罪 短片 脱口秀 武侠 剧情 喜剧 古装 奇幻
123456,duduxiongzhifu,45.test.com,犯罪 家庭 剧情 爱情 喜剧 动画
123456,68499588,46.test.com,犯罪 悬疑 传记 科幻 历史 同性 家庭 剧情 动作 喜剧 动画 惊悚 奇幻
123456,reave,47.test.com,喜剧 动画 剧情
123456,rachel-rachel,48.test.com,悬疑 犯罪 科幻 同性 剧情 动作 爱情 喜剧 动画 歌舞 奇幻 真人秀
123456,qfy,49.test.com,悬疑 科幻 同性 剧情 爱情 喜剧
123456,GariberZyo,50.test.com,犯罪 历史 同性 剧情 战争 爱情 喜剧 惊悚
123456,1723626,51.test.com,悬疑 犯罪 同性 冒险 剧情 动作 爱情 喜剧 惊悚
123456,bighead,52.test.com,犯罪 传记 科幻 冒险 家庭 剧情 动作 爱情 喜剧 动画 音乐 古装 奇幻
123456,airtony,53.test.com,犯罪 科幻 冒险 剧情 动作 动画
123456,Hamlet-Luang,54.test.com,犯罪 动作 剧情
123456,MancunianJor,55.test.com,犯罪 动作 剧情
123456,yidoudou,56.test.com,悬疑 犯罪 科幻 武侠 剧情 动作 爱情 喜剧 惊悚
123456,49615762,57.test.com,悬疑 犯罪 传记 冒险 家庭 剧情 爱情 喜剧 动画
123456,ourmovie,58.test.com,犯罪 传记 冒险 家庭 剧情 动作 喜剧 惊悚 奇幻
123456,32747546,59.test.com,家庭 传记 剧情
123456,46126259,60.test.com,悬疑 犯罪 传记 科幻 家庭 恐怖 剧情 动作 惊悚
123456,veverlee,61.test.com,犯罪 悬疑 传记 家庭 剧情 战争 喜剧 惊悚
123456,magic828,62.test.com,犯罪 悬疑 传记 剧情 爱情 喜剧 惊悚
123456,josie_zhou,63.test.com,爱情 剧情
123456,154019316,64.test.com,悬疑 剧情 爱情 喜剧 奇幻
123456,yuyan545,65.test.com,犯罪 悬疑 剧情 爱情 喜剧 音乐
123456,Miss.Encore,66.test.com,悬疑 短片 冒险 剧情 爱情 喜剧 惊悚 奇幻
123456,imuuuu,67.test.com,历史 传记 剧情 爱情 喜剧 惊悚
123456,candyrice,68.test.com,爱情 喜剧 剧情
123456,kidcby,69.test.com,爱情 喜剧 剧情
123456,morningglory,70.test.com,科幻 冒险 剧情 动作 爱情 喜剧 奇幻
123456,linglong990,71.test.com,传记 剧情 爱情 喜剧 音乐
123456,ztiti,72.test.com,科幻 冒险 剧情 动作 爱情 喜剧
123456,MichelleHong,73.test.com,爱情 喜剧 剧情
123456,Lan.die,74.test.com,剧情 爱情 喜剧 音乐 真人秀
123456,miuccia,75.test.com,爱情 喜剧 剧情
123456,Cao-Wei,76.test.com,悬疑 犯罪 冒险 剧情 喜剧 纪录片 奇幻
123456,55300712,77.test.com,悬疑 犯罪 剧情 爱情 喜剧 音乐
123456,yalindongdong,78.test.com,悬疑 犯罪 科幻 冒险 剧情 动作 喜剧 惊悚
123456,ydyie,79.test.com,犯罪 悬疑 历史 传记 科幻 冒险 剧情 战争 动作 音乐 惊悚 歌舞 真人秀
123456,180401152,80.test.com,悬疑 短片 冒险 家庭 剧情 战争 爱情 喜剧 纪录片
123456,130687315,81.test.com,武侠 剧情 爱情 古装 奇幻
123456,210184936,82.test.com,爱情 剧情
123456,82811080,83.test.com,
123456,151815851,84.test.com,犯罪 剧情
123456,satan163,85.test.com,悬疑 犯罪 科幻 冒险 剧情 灾难
123456,63469119,86.test.com,历史 科幻 冒险 剧情 灾难 惊悚
123456,58713868,87.test.com,冒险 灾难 科幻
123456,xilouchen,88.test.com,犯罪 科幻 家庭 剧情 动作 爱情 灾难 喜剧 动画 音乐 奇幻
123456,cloudy20011128,89.test.com,犯罪 科幻 短片 剧情 爱情 喜剧 动画 音乐
123456,joearde,90.test.com,音乐 喜剧 动画
123456,LucFrance,91.test.com,音乐 喜剧 动画
123456,1524942,92.test.com,犯罪 悬疑 科幻 剧情 动作 爱情 喜剧 动画
123456,autism,93.test.com,犯罪 悬疑 历史 传记 科幻 剧情 爱情 喜剧 纪录片
123456,Dbxiong,94.test.com,悬疑 科幻 剧情
123456,ragingbull,95.test.com,悬疑 犯罪 科幻 剧情
123456,casper0211,96.test.com,传记 喜剧 剧情
123456,zhangzongqian,97.test.com,悬疑 传记 科幻 同性 冒险 剧情 动作 爱情 喜剧 动画 纪录片 惊悚
123456,cevia,98.test.com,爱情 动画 剧情
123456,croath,99.test.com,科幻 冒险 剧情 动作 爱情 喜剧 动画
123456,CharlesChou,100.test.com,爱情 科幻 动画 剧情
123456,3540441,101.test.com,悬疑 惊悚 科幻 短片 同性 冒险 武侠 剧情 动作 爱情 灾难 喜剧 动画 古装 情色 奇幻
123456,naocanqiang,102.test.com,悬疑 历史 传记 同性 冒险 剧情 动作 爱情 喜剧 动画 奇幻
123456,nwwfewx,103.test.com,科幻 剧情
123456,MonicaLi,104.test.com,科幻 剧情
123456,VinKhan,105.test.com,运动 科幻 剧情
123456,basten1988,106.test.com,科幻 剧情
123456,leo1983,107.test.com,爱情 喜剧 奇幻
123456,crpily,108.test.com,悬疑 犯罪 剧情 爱情 喜剧 奇幻
123456,kangbaohong,109.test.com,传记 家庭 剧情 爱情 喜剧 动画 音乐 奇幻
123456,liusuer,110.test.com,犯罪 科幻 剧情 动作 爱情 灾难 喜剧 古装 奇幻
123456,zyl622,111.test.com,冒险 剧情 爱情 喜剧 动画 古装 奇幻
123456,mihiro,112.test.com,同性 剧情 动作 爱情 喜剧
123456,xzfd,113.test.com,悬疑 科幻 冒险 剧情 动作 灾难 爱情 喜剧 动画
123456,sungdebbie,114.test.com,犯罪 传记 剧情 动作 喜剧 纪录片
123456,chimpanzee,115.test.com,悬疑 犯罪 科幻 家庭 剧情 动作 爱情 喜剧 纪录片
123456,171272098,116.test.com,犯罪 剧情 动作 喜剧 音乐
123456,darkiddy,117.test.com,犯罪 悬疑 科幻 冒险 恐怖 剧情 动作 喜剧 音乐
123456,piggytea,118.test.com,悬疑 犯罪 剧情 爱情 音乐 惊悚 奇幻
123456,lyiming2,119.test.com,短片 剧情 动画 音乐
123456,iris15,120.test.com,犯罪 传记 家庭 剧情
123456,pinkonion,121.test.com,家庭 传记 剧情
123456,zhl,122.test.com,家庭 传记 剧情
123456,microblue,123.test.com,家庭 传记 剧情
123456,cxyshang,124.test.com,悬疑 犯罪 科幻 冒险 剧情
123456,66738259,125.test.com,冒险 动作 科幻 剧情
123456,farmyra,126.test.com,剧情
123456,bobomio,127.test.com,剧情
123456,Tata_1107,128.test.com,悬疑 传记 冒险 剧情 喜剧 动画 音乐 古装 奇幻
123456,daladida,129.test.com,古装 奇幻 剧情
123456,ocean_kwai,130.test.com,犯罪 科幻 冒险 剧情 动作 爱情 喜剧 动画 奇幻
123456,88652488,131.test.com,剧情
123456,152812677,132.test.com,传记 科幻 同性 冒险 剧情 动作 喜剧 动画 音乐 歌舞
123456,154736326,133.test.com,剧情 爱情 喜剧 舞台艺术 真人秀
123456,kooloo73774,134.test.com,剧情 动作 爱情 喜剧 音乐 纪录片 古装
123456,smokey,135.test.com,动作 灾难 纪录片 惊悚
123456,RITABMW,136.test.com,剧情 动作 爱情 灾难 惊悚 情色
123456,zhangjianjia,137.test.com,悬疑 传记 科幻 剧情 动作 灾难 惊悚
123456,luhua,138.test.com,悬疑 冒险 剧情 爱情 喜剧 动画 惊悚 奇幻
123456,angle223,139.test.com,悬疑 犯罪 历史 家庭 剧情 爱情 喜剧 动画 古装 奇幻 真人秀
123456,70850814,140.test.com,悬疑 犯罪 科幻 恐怖 剧情 战争 动作 喜剧 动画 惊悚
123456,62675594,141.test.com,冒险 家庭 剧情 动画 奇幻
123456,Lirsid,142.test.com,爱情 喜剧 奇幻
123456,133046749,143.test.com,爱情 喜剧 奇幻
123456,ballteda,144.test.com,悬疑 犯罪 科幻 冒险 恐怖 剧情 动作 爱情 喜剧 奇幻
123456,lunamu,145.test.com,犯罪 冒险 剧情 动作 喜剧 奇幻
123456,57971471,146.test.com,犯罪 爱情 喜剧 剧情
123456,47182866,147.test.com,悬疑 犯罪 传记 科幻 冒险 剧情 动作 灾难 喜剧 纪录片 惊悚
123456,karo1993,148.test.com,悬疑 犯罪 西部 科幻 冒险 剧情 动作 喜剧 惊悚 奇幻
123456,zhutong,149.test.com,科幻 冒险 剧情 动作 喜剧
123456,114515320,150.test.com,冒险 动作 科幻
123456,34347136,151.test.com,悬疑 犯罪 科幻 冒险 剧情 动作 爱情 喜剧 古装
123456,truevoice,152.test.com,冒险 动作 科幻
123456,miumiu-li,153.test.com,悬疑 犯罪 冒险 剧情 动作 喜剧 动画 惊悚 奇幻
123456,1211567,154.test.com,科幻 短片 冒险 剧情 动作 爱情 喜剧 动画 古装 奇幻
123456,luzhiyu,155.test.com,犯罪 科幻 冒险 家庭 剧情 动作 爱情 喜剧 奇幻
123456,shuixia1825,156.test.com,悬疑 犯罪 科幻 剧情 儿童 纪录片
123456,51932396,157.test.com,剧情
123456,suewebber,158.test.com,家庭 剧情 动作 爱情 喜剧
123456,186208874,159.test.com,动作 科幻 奇幻
123456,agentmovie666,160.test.com,科幻 冒险 剧情 动作 喜剧 动画 奇幻
123456,145575037,161.test.com,动作 科幻 奇幻
123456,35827809,162.test.com,犯罪 历史 科幻 剧情 动作 爱情 灾难 喜剧 奇幻
123456,samuleP,163.test.com,音乐 剧情
123456,new4new4,164.test.com,犯罪 悬疑 科幻 冒险 剧情 动作 爱情 喜剧 音乐 奇幻
123456,qdmimi19810920,165.test.com,悬疑 剧情 爱情 音乐 奇幻
123456,suzhenshu,166.test.com,音乐 剧情
123456,irisss,167.test.com,悬疑 犯罪 剧情 爱情 喜剧
123456,xiaolei_bgirl,168.test.com,悬疑 犯罪 剧情
123456,155985816,169.test.com,悬疑 犯罪 科幻 冒险 剧情 动作 爱情 喜剧 动画 古装 惊悚 奇幻
123456,156941004,170.test.com,悬疑 犯罪 科幻 家庭 剧情 动作 爱情 喜剧 古装 奇幻 真人秀
123456,tommyvan,171.test.com,爱情 古装 喜剧
123456,Tavico,172.test.com,冒险 奇幻
123456,ruxiaoguo,173.test.com,冒险 家庭 剧情 爱情 喜剧 奇幻
123456,amarantiness,174.test.com,冒险 奇幻
123456,StevenTong,175.test.com,传记 冒险 剧情 爱情 喜剧 奇幻
123456,ellen0320,176.test.com,犯罪 冒险 家庭 剧情 爱情 儿童 喜剧 动画 惊悚 奇幻 真人秀
123456,zyunsan,177.test.com,喜剧 动画 剧情
123456,sagotutu,178.test.com,传记 同性 剧情 动作 爱情 喜剧 动画
123456,ahbei,179.test.com,喜剧 动画 剧情
123456,153236523,180.test.com,喜剧 动画 剧情
123456,jiemoxiaomantou,181.test.com,悬疑 犯罪 剧情 动作 爱情 喜剧 惊悚
123456,Kev.Garnett,182.test.com,犯罪 悬疑 历史 西部 武侠 剧情 动作 喜剧 惊悚
123456,flaneur,183.test.com,犯罪 动作 喜剧
123456,watermelon,184.test.com,犯罪 家庭 剧情 动作 爱情 喜剧 动画 纪录片 惊悚
123456,narahana,185.test.com,犯罪 剧情 动作 爱情 喜剧
123456,Obtson,186.test.com,冒险 奇幻 剧情
123456,conanemily,187.test.com,犯罪 科幻 同性 冒险 家庭 剧情 动作 爱情 喜剧 动画 歌舞 奇幻
123456,kirk1226,188.test.com,冒险 奇幻 剧情
123456,butinoodle,189.test.com,悬疑 犯罪 传记 科幻 历史 冒险 剧情 动作 爱情 喜剧 奇幻
123456,pigeye,190.test.com,犯罪 科幻 冒险 恐怖 剧情 动作 灾难 爱情 喜剧 惊悚
123456,richer725,191.test.com,冒险 动作 科幻
123456,Colorforever,192.test.com,科幻 冒险 剧情 动作
123456,vivipico,193.test.com,犯罪 传记 科幻 同性 冒险 剧情 爱情 喜剧 动画
123456,ChannaDisco,194.test.com,悬疑 犯罪 科幻 同性 冒险 家庭 剧情 爱情 喜剧 动画 纪录片
123456,ashinstancy,195.test.com,悬疑 犯罪 科幻 冒险 剧情 动作 爱情 喜剧 动画 音乐 纪录片 情色
123456,YthguaN,196.test.com,悬疑 惊悚 剧情
123456,yanluohan,197.test.com,悬疑 惊悚 剧情
123456,kejinlong,198.test.com,悬疑 家庭 剧情 爱情 喜剧 惊悚
123456,CyberKnight,199.test.com,惊悚 悬疑 剧情
123456,49289313,200.test.com,科幻 同性 冒险 剧情 战争 动作 爱情 灾难 喜剧 动画 惊悚 奇幻
123456,zeroiris,201.test.com,冒险 剧情 爱情 喜剧 动画 奇幻
123456,rakumm,202.test.com,悬疑 犯罪 传记 科幻 冒险 剧情 爱情 动画 纪录片 奇幻
123456,89451365,203.test.com,犯罪 历史 科幻 冒险 剧情 战争 动作 爱情 灾难 喜剧 动画
123456,zaneee,204.test.com,
123456,152198358,205.test.com,
123456,roseinthedark,206.test.com,
123456,2340389,207.test.com,爱情 喜剧
123456,15183757,208.test.com,悬疑 犯罪 科幻 冒险 家庭 剧情 动作 爱情 喜剧 动画 奇幻
123456,155986723,209.test.com,悬疑 科幻 剧情 战争 动作 爱情 喜剧 古装 真人秀
123456,49213881,210.test.com,战争 动作
123456,sylviapoor,211.test.com,战争 动作 灾难
123456,hexiaoqin,212.test.com,犯罪 悬疑 科幻 家庭 剧情 战争 动作 爱情 喜剧 纪录片 惊悚
123456,helle,213.test.com,剧情 战争 动作 喜剧 动画 惊悚
123456,Ms.unknown,214.test.com,爱情 喜剧 剧情
123456,allancywang,215.test.com,爱情 喜剧 剧情
123456,run11run,216.test.com,悬疑 动作 喜剧
123456,154805320,217.test.com,悬疑 动作 喜剧
123456,174030024,218.test.com,悬疑 动作 喜剧
123456,151784886,219.test.com,悬疑 动作 喜剧
123456,LadyInSatin,220.test.com,悬疑 传记 历史 冒险 家庭 剧情 爱情 喜剧 动画 纪录片 惊悚 歌舞 奇幻
123456,spirit.seraph,221.test.com,冒险 喜剧 动画
123456,6929997,222.test.com,冒险 喜剧 动画
123456,stella_zhou,223.test.com,动作 喜剧 科幻
123456,fuyuwinter,224.test.com,科幻 恐怖 剧情 动作 喜剧 动画 惊悚 奇幻
123456,1704805,225.test.com,悬疑 犯罪 科幻 冒险 恐怖 剧情 动作 喜剧 奇幻
123456,127756116,226.test.com,科幻 西部 剧情 惊悚 奇幻
123456,dreamfox,227.test.com,悬疑 传记 科幻 剧情 喜剧 动画 惊悚
123456,airan712,228.test.com,爱情 喜剧 剧情
123456,velvetmomoko,229.test.com,犯罪 剧情 爱情 喜剧 音乐
123456,lltflyx,230.test.com,爱情 喜剧 剧情
